MOVIE_KEY,tag
M60756,funny
M60756,Highly quotable
M60756,will ferrell
M89774,Boxing story
M89774,MMA
M89774,Tom Hardy
M106782,drugs
M106782,Leonardo DiCaprio
M106782,Martin Scorsese
M48516,way too long
M431,Al Pacino
M431,gangster
M431,mafia
M1221,Al Pacino
M1221,Mafia
M5995,holocaust
M5995,true story
M44665,twist ending
M52604,Anthony Hopkins
M52604,courtroom drama
M52604,twist ending
M88094,britpop
M88094,indie record label
M88094,music
M144210,dumpster diving
M144210,Sustainability
M1569,romantic comedy
M1569,wedding
M118985,painter
M119141,bloody
M109487,black hole
M109487,sci-fi
M109487,time-travel
M2,fantasy
M2,magic board game
M2,Robin Williams
M110,beautiful scenery
M110,epic
M110,historical
M110,inspirational
M110,Medieval
M110,mel gibson
M110,Oscar (Best Cinematography)
M110,revenge
M110,sword fight
M410,black comedy
M410,Christina Ricci
M410,Christopher Lloyd
M410,dark comedy
M410,family
M410,gothic
M2023,Al Pacino
M2023,Andy Garcia
M2023,Classic
M2023,Francis Ford Coppola
M2023,mafia
M2124,black comedy
M2124,Christina Ricci
M2124,Christopher Lloyd
M2124,Family
M2124,gothic
M2124,quirky
M2953,family
M2953,funny
M2953,Macaulay Culkin
M2953,sequel
M3114,animation
M3114,Disney
M3114,funny
M3114,original
M3114,Pixar
M3114,sequel
M3114,Tom Hanks
M3578,ancient Rome
M3578,Epic
M3578,history
M3578,imdb top 250
M3578,revenge
M3578,Rome
M3578,Russell Crowe
M4223,Ed Harris
M4223,Jude Law
M4223,Rachel Weisz
M4223,sniper
M4223,World War II
M5388,Al Pacino
M5388,atmospheric
M5388,Hilary Swank
M5388,Robin Williams
M6058,sequel
M6058,violent
M6534,dogs
M6534,Eric Bana
M6534,mad scientist
M6534,marvel
M6541,captain nemo
M6541,comic book
M6541,gothic
M6541,Peta Wilson
M6541,Sean Connery
M6541,superhero
M6564,adventure
M6564,Angelina Jolie
M6564,heroine in tight suit
M7153,Adventure
M7153,ensemble cast
M7153,fantasy
M7153,fantasy world
M7153,great soundtrack
M7153,lord of the rings
M7153,scenic
M7153,stylized
M7153,Tolkien
M8641,hilarious
M8641,Steve Carell
M8641,Will Ferrell
M27660,animation
M27660,anime
M27660,cyberpunk
M27660,dark
M27660,Matrix
M27660,sci-fi
M27706,dark comedy
M27706,Jim Carrey
M27706,meryl streep
M27706,quirky
M27706,stylized
M27808,Adam Sandler
M27808,family
M27808,sweet
M27831,British gangster
M27831,confusing
M27831,daniel craig
M27831,Exquisite plotting.
M27831,organized crime
M27831,stylish
M27831,Tom Hardy
M31658,anime
M31658,fantasy world
M31658,Hayao Miyazaki
M31658,Studio Ghibli
M33162,David Thewlis
M33162,Eva Green
M33162,Liam Neeson
M33162,Orlando Bloom
M34150,Chris Evans
M34150,comic book
M34150,heroine in tight suit
M34150,Jessica Alba
M34150,sexy female scientist
M34150,superhero
M37729,gothic
M37729,helena bonham carter
M37729,Johnny Depp
M37729,Tim Burton
M37729,visually appealing
M38061,black comedy
M38061,clever
M38061,fast-paced dialogue
M38061,good dialogue
M38061,Robert Downey Jr.
M38061,witty
M45447,adventure
M45447,Audrey Tautou
M45447,conspiracy theory
M45447,Mystery
M45447,Paris
M45447,Tom Hanks
M45447,treasure hunt
M46723,Brad Pitt
M46723,cate blanchett
M46723,multiple storylines
M46723,social commentary
M46972,Ben Stiller
M46972,Robin Williams
M46976,emma thompson
M46976,Maggie Gyllenhaal
M46976,modern fantasy
M46976,romance
M46976,surreal
M46976,Will Ferrell
M49130,Marion Cotillard
M49530,Africa
M49530,corruption
M49530,Jennifer Connelly
M49530,justice
M49530,Leonardo DiCaprio
M53464,bad acting
M53464,bad jokes
M53464,bad plot
M53464,Chris Evans
M53464,Jessica Alba
M53464,Marvel
M53464,sexy female scientist
M58047,Rachel Weisz
M58047,Ryan Reynolds
M59501,fantasy
M59501,lion
M59501,narnia
M59501,Tilda Swinton
M60074,bad script
M60074,Charlize Theron
M60074,Will Smith
M60126,Anne Hathaway
M60126,Steve Carell
M60756,comedy
M60756,funny
M60756,will ferrell
M61024,comedy
M61024,James Franco
M61024,Seth Rogen
M61024,Stoner Movie
M63992,audience intelligence underestimated
M63992,boring
M63992,chick flick
M63992,overrated
M63992,Teen movie
M68848,Adrien Brody
M68848,con artists
M68848,funny
M68848,interesting characters
M68848,Mark Ruffalo
M68848,Rachel Weisz
M71535,Bill Murray
M71535,dark comedy
M71535,Emma Stone
M71535,funny
M71535,Jesse Eisenberg
M71535,Woody Harrelson
M87430,audience intelligence underestimated
M87430,CGI
M87430,cheesy
M87430,comic book
M87430,DC
M87430,DC Comics
M87430,Ryan Reynolds
M87430,space
M87430,superhero
M88405,comedy
M88405,funny
M88405,happy ending
M88405,HOT actress
M88405,Justin Timberlake
M88405,Mila Kunis
M88405,New York City
M88405,romance
M88405,sex
M96861,Istanbul
M96861,Liam Neeson
M96861,predictable
M96861,Turkey
M96861,unnecessary sequel
M99114,action
M99114,Christoph Waltz
M99114,funny
M99114,good soundtrack
M99114,Great performances
M99114,Humour
M99114,Leonardo DiCaprio
M99114,Quentin Tarantino
M99114,Samuel L. Jackson
M99114,Soundtrack
M99114,western
M103042,Amy Adams
M103042,superhero
M104863,daniel radcliffe
M104863,zoe kazan
M107348,comedy
M107348,Steve Carell
M107348,stupid but funny
M107348,will ferrell
M108190,anti-intellectual
M108190,bad writing
M108190,dystopia
M108190,new society
M108190,plot holes
M108190,predictable
M108190,scifi
M108190,unintelligent
M111743,Charlize Theron
M111743,Liam Neeson
M111743,Seth MacFarlane
M111743,witty
M114180,action
M114180,dystopia
M114180,plot holes
M114180,post-apocalyptic
M114180,survival
M114180,thriller
M114180,unexplained
M114180,weak plot
M115149,dark hero
M115149,gun-fu
M115149,Keanu Reeves
M115149,Revenge
M115149,secret society
M115149,stylish
M116897,black comedy
M116897,dark comedy
M116897,dark humor
M116897,ironic
M116897,multiple short stories
M116897,short stories
M119141,bromance
M119141,comedy
M119141,funny
M119141,James Franco
M119141,Seth Rogen
M122912,comic book
M122912,Dr. Strange
M122912,Great villain
M122912,Guardians of the Galaxy
M122912,Marvel
M122912,MCU
M122912,Robert Downey Jr.
M122912,Thanos
M122912,Thor
M122912,Visually stunning
M128360,characters
M128360,Dialogue
M128360,humor
M128360,Kurt Russell
M128360,Quentin Tarantino
M128360,Samuel L. Jackson
M128360,tension building
M128360,violent
M128360,Western
M135133,dystopia
M135133,Jennifer Lawrence
M135133,love story
M135133,nonsense
M135133,politics
M135133,rebellion
M135133,revolution
M135518,Ben Kingsley
M135518,ethics
M135518,immortality
M135518,ryan reynolds
M135536,Bad story
M135536,Bad writing
M135536,Batman
M135536,Ben Affleck
M135536,comic book
M135536,dc comics
M135536,good soundtrack
M135536,Harley Quinn
M135536,Harley Quinn's ass
M135536,Horrible directing
M135536,Jared Leto
M135536,Joker
M135536,lack of plot
M135536,Margot Robbie
M135536,Poor story
M135536,poorly paced
M135536,superhero
M135536,visually appealing
M135536,Will Smith
M136864,action
M136864,batman
M136864,ben affleck
M136864,dark
M136864,dc comics
M136864,Gal Gadot
M136864,superhero
M136864,superman
M136864,wonderwoman
M139385,leonardo DiCarpio
M139385,survival
M139385,tom hardy
M139385,visually appealing
M158966,building a family
M158966,creative
M158966,freedom
M158966,good writing
M158966,individualism
M158966,Viggo Mortensen
M168248,action
M168248,dark hero
M168248,gun tactics
M168248,hitman
M168248,Keanu Reeves
M168248,organized crime
M168248,secret society
M174053,Dystopia
M174053,future
M174053,interesting
M174053,jon hamm
M174053,thought provoking
M179401,Action
M179401,Comedy
M179401,Dwayne Johnson
M179401,funny
M183611,Comedy
M183611,funny
M183611,Rachel McAdams
M184471,adventure
M184471,Alicia Vikander
M184471,video game adaptation
M187593,Josh Brolin
M187593,Ryan Reynolds
M187593,sarcasm
M187595,Emilia Clarke
M187595,star wars
M260,classic
M260,space action
M260,action
M260,sci-fi
M260,EPIC
M260,great soundtrack
M296,good dialogue
M296,great soundtrack
M296,non-linear
M4896,Everything you want is here
M106489,adventure
M260,classic sci-fi
M260,engrossing adventure
M260,EPIC
M260,classic
M260,Nerd
M101142,animation
M101142,funny
M101142,stone age
M115149,action
M115149,killer
M115149,widows/widowers
M115617,animation
M115617,kids
M115617,robots
M120635,action
M120635,murder
M120635,police
M1726,Kevin Costner
M1726,Post apocalyptic
M2387,dark comedy
M2387,dark humor
M3052,irreverent
M3052,jay and silent bob
M3052,Kevin Smith
M3052,satire
M5088,irreverent
M7022,based on a book
M7022,bloody
M7022,brutal
M7022,controversial
M7022,dystopia
M7022,goretastic
M7022,satire
M7022,social commentary
M7022,survival
M7022,violence
M7254,alternate reality
M7254,sci-fi
M7254,science fiction
M7254,time travel
M8957,brutal
M8957,clever
M8957,Disturbing
M8957,great ending
M8957,mindfuck
M8957,surprise ending
M8957,suspense
M9010,cruel characters
M42632,brutality
M58301,dark humor
M60950,threesome
M62434,Seth Rogen
M62434,Sexual Humor
M67695,Seth Rogen
M100083,embarassing scenes
M100083,offensive
M100083,R language
M100083,sarcasm
M100083,satire
M156371,80's
M158872,Crude humor
M158872,mindfuck
M158872,sarcasm
M158872,satire
M158872,Vulgar
M3556,sofia coppola
M6323,John Cusack
M6367,Ewan McGregor
M6367,Renee Zellweger
M59103,jackie chan
M59103,kung fu
M52287,Something for everyone in this one... saw it without and plan on seeing it with kids!
M293,assassin
M293,Jean Reno
M54286,assassin
M54286,assassin-in-training (scene)
M54286,espionage
M54286,Robert Ludlum
M104,test tag
M115617,feel-good
M115617,fun family movie
M115617,very funny
M2579,black and white
M2579,Christopher Nolan
M2579,directorial debut
M2579,mindfuck
M2579,not linear
M2579,Twist Ending
M3793,action
M3793,comic book
M3793,hugh jackman
M3793,marvel
M3793,superhero
M4226,dark
M4226,Mindfuck
M4226,nonlinear
M4226,psychology
M4226,twist ending
M4896,alan rickman
M4896,harry potter
M4896,humorous
M4896,Magic
M5388,atmospheric
M5388,insomnia
M5388,thought-provoking
M6283,amazing artwork
M6283,anime
M6283,sci-fi
M27156,anime
M27156,end of the world
M27156,epic
M27156,mecha
M27156,psychology
M193565,anime
M193565,comedy
M193565,gintama
M193565,remaster
M260,classic sci-fi
M260,space action
M260,space epic
M4878,atmospheric
M4878,cult film
M4878,dreamlike
M4878,hallucinatory
M4878,psychological
M4878,surreal
M4878,time travel
M7147,dreamlike
M7147,sentimental
M7147,surreal
M7147,Tim Burton
M7361,alternate reality
M7361,memory
M7361,thought-provoking
M97938,cinematography
M97938,India
M97938,surreal
M260,oldie but goodie
M260,sci-fi
M260,Star Wars
M6938,big wave
M6938,surfing
M48780,ummarti2006
M126548,funny
M126548,high school
M68319,comic book
M7020,Notable Nudity
M3,moldy
M3,old
M527,moving
M1101,predictable
M50872,a clever chef rat
M50872,inspirational
M102007,animation
M118696,hope
M6711,atmospheric
M4034,drugs
M4995,mathematics
M6502,zombies
M6953,DEPRESSING
M8641,stupid
M34405,predictable
M55721,Favelas
M83134,black comedy
M778,based on a book
M778,dark comedy
M778,narrated
M4612,reciprocal spectator
M4708,reciprocal spectator
M6400,documentary
M30892,Animation
M30892,Documentary
M30892,Henry Darger
M48698,the catholic church is the most corrupt organization in history
M64034,childish naivity
M64034,friendship
M68954,adventure
M68954,Bechdel Test:Fail
M68954,cartoon
M68954,children
M68954,computer animation
M68954,divorce
M68954,dogs
M68954,dreams
M68954,Pixar
M71494,Narrative pisstake
M81158,american idolatry
M82459,atmospheric
M82459,Coen Brothers
M82459,Jeff Bridges
M82459,Matt Damon
M82459,predictable
M90769,celebrity fetishism
M90769,mediacentralism
M90769,system holism
M96084,city politics
M96084,italy
M96084,political right versus left
M111364,Creature Feature
M118784,documentary
M118784,music industry
M118784,remix culture
M127172,film history
M127172,poetic
M127172,representation of children
M364,Disney
M364,Disney animated feature
M364,Oscar (Best Music - Original Score)
M1288,music
M1923,Ben Stiller
M2616,comic book
M3481,music
M3897,music
M8641,awesome
M51255,british comedy
M1,pixar
M153,superhero
M552,knights
M1246,highschool
M32587,cult
M33660,boksdrama
M34162,stiller
M36529,wapendrama
M37729,animation
M38798,sisters
M260,ROBOTS AND ANDROIDS
M260,space
M2146,post-college
M37384,restaurant
M40955,transvestite
M44889,satire
M61323,dark comedy
M39,chick flick
M39,funny
M39,Paul Rudd
M39,quotable
M39,seen more than once
M1059,Amazing Cinematography
M1059,Leonardo DiCaprio
M1059,shakespeare
M1059,updated classics
M2762,Atmospheric
M2762,Bruce Willis
M2762,ghosts
M2762,imdb top 250
M2762,mindfuck
M2762,stylized
M2762,twist ending
M4370,android(s)/cyborg(s)
M4370,artificial intelligence
M4370,Bittersweet
M4370,Steven Spielberg
M5464,cinematography
M5464,Tom Hanks
M7078,Bette Davis
M7078,Oscar (Best Actress)
M7444,Mark Ruffalo
M7451,clever
M7451,High School
M7451,lesbian subtext
M48516,Leonardo DiCaprio
M48516,suspense
M48516,twist ending
M48516,undercover cop
M54997,Christian Bale
M55290,Casey Affleck
M55290,great performances
M55290,twist
M91500,ending
M91529,Anne Hathaway
M91529,Christian Bale
M91529,Christopher Nolan
M91529,comic book
M91529,great ending
M91529,Morgan Freeman
M91529,political commentary
M91529,superhero
M98961,Afghanistan
M98961,American propaganda
M98961,assassination
M98961,military
M98961,terrorism
M32,time travel
M47,mystery
M47,twist ending
M50,mindfuck
M50,suspense
M50,thriller
M50,tricky
M50,twist ending
M147,addiction
M147,heroin
M147,Leonardo DiCaprio
M147,Mark Wahlberg
M175,controversial
M175,New York City
M175,Nudity (Full Frontal)
M223,cynical
M223,hilarious
M223,independent film
M223,quirky
M223,witty
M260,classic sci-fi
M260,sci-fi
M260,space adventure
M260,Star Wars
M288,brutality
M288,controversial
M288,dark comedy
M288,psychedelic
M288,satire
M288,stylized
M296,cult film
M296,drugs
M296,Quentin Tarantino
M296,Tarantino
M364,soundtrack
M527,thought-provoking
M541,sci-fi
M589,apocalypse
M589,Arnold Schwarzenegger
M589,nuclear war
M589,sci-fi
M589,Suspense
M589,time travel
M608,based on a true story
M608,dark comedy
M608,KIDNAPPING
M608,Steve Buscemi
M628,edward norton
M628,psychology
M628,suspense
M628,thought-provoking
M628,twist ending
M1089,ensemble cast
M1089,nonlinear
M1089,Quentin Tarantino
M1089,stylized
M1120,freedom of expression
M1136,british comedy
M1136,Monty Python
M1193,emotional
M1193,jack nicholson
M1198,adventure
M1198,archaeology
M1198,indiana jones
M1198,Steven Spielberg
M1198,treasure hunt
M1200,action
M1200,aliens
M1200,horror
M1200,sci-fi
M1200,space
M1200,space craft
M1200,SPACE TRAVEL
M1200,suspense
M1219,Alfred Hitchcock
M1219,psychology
M1219,suspenseful
M1219,tense
M1240,Action
M1240,artificial intelligence
M1240,robots
M1240,Sci-Fi
M1240,special effects
M1240,tense
M1240,time travel
M1258,atmospheric
M1258,disturbing
M1258,Horror
M1258,jack nicholson
M1258,masterpiece
M1258,psychological
M1258,Stanley Kubrick
M1258,suspense
M1343,horror
M1343,Juliette Lewis
M1343,Martin Scorsese
M1343,Robert De Niro
M1625,mindfuck
M1625,Mystery
M1625,plot twist
M1625,psychological
M1625,suspense
M1625,twist ending
M1704,inspirational
M1921,hallucinatory
M1921,mental illness
M1921,mindfuck
M1921,paranoid
M1923,Ben Stiller
M1923,crude humor
M1923,goofy
M2160,Atmospheric
M2160,creepy
M2160,paranoia
M2160,scary
M2160,suspense
M2296,SNL
M2329,thought-provoking
M2505,Nicolas Cage
M2571,martial arts
M2571,sci-fi
M2700,adult humor
M2700,controversial
M2700,crude humor
M2700,free speech
M2700,parody
M2700,satire
M2700,south park
M2700,Trey Parker
M2959,dark comedy
M2959,psychology
M2959,thought-provoking
M2959,twist ending
M3176,based on a book
M3176,creepy
M3176,disturbing
M3176,Jude Law
M3176,murder
M3176,obsession
M3176,psychology
M3176,secrets
M3176,serial killer
M3176,suspense
M3186,asylum
M3186,based on a true story
M3186,Brittany Murphy
M3186,Mental Hospital
M3186,psychology
M3186,winona ryder
M3499,claustrophobic
M3499,horror
M3499,scary
M3499,stephen king
M3499,suspenseful
M3499,tense
M3499,thriller
M3527,aliens
M3527,sci-fi
M3527,scifi cult
M3911,satire
M3948,comedy
M3948,Robert De Niro
M4226,mystery
M4226,psychological
M4226,twist ending
M4262,Al Pacino
M4816,ben stiller
M4816,comedy
M4816,David Bowie
M4816,goofy
M4816,mindless one liners
M4816,Will Ferrell
M4878,jake gyllenhaal
M4993,fantasy
M4993,high fantasy
M4993,Magic
M4993,mythology
M4993,tolkien
M4993,wizards
M5291,black and white
M5291,samurai
M6016,multiple storylines
M6016,true story
M6188,comedy
M6188,Will Ferrell
M6290,Rob Zombie
M7361,jim carrey
M8641,comedy
M8641,Will Ferrell
M8950,Christian Bale
M8950,creepy
M8950,powerful ending
M8950,psychology
M8950,schizophrenia
M8950,twist ending
M27020,drugs
M27020,lesbian
M30825,Ben Stiller
M30825,Robert De Niro
M34323,Rob Zombie
M40278,Jake Gyllenhaal
M40278,Modern war
M48516,atmospheric
M48516,Jack Nicholson
M48516,Leonardo DiCaprio
M48516,Martin Scorsese
M48516,suspense
M53127,based on a play
M53127,conspiracy theory
M53127,creepy
M53127,Insanity
M53127,paranoia
M53127,PTSD
M60756,funny
M60756,will ferrell
M66097,claymation
M66097,creepy
M66097,dark
M66097,dark fairy tale
M66097,Surreal
M66097,Tim Burton
M68157,black comedy
M68157,Brad Pitt
M68157,Christoph Waltz
M68157,Quentin Tarantino
M68157,satire
M74458,insanity
M74458,Leonardo DiCaprio
M74458,Martin Scorsese
M74458,plot twist
M74458,psychological
M74458,Psychological Thriller
M74458,thought-provoking
M79132,action
M79132,alternate reality
M79132,Leonardo DiCaprio
M79132,sci-fi
M79132,thought-provoking
M79132,visually appealing
M81562,stranded
M81591,alter ego
M81591,atmospheric
M81591,creepy
M81591,horror
M81591,obsession
M81591,surreal
M102903,illusions
M102903,overcomplicated
M102903,predictable
M102903,stupid ending
M104879,absorbing
M104879,acting
M104879,atmospheric
M104879,Hugh Jackman
M104879,Jake Gyllenhaal
M104879,morality
M104879,mystery
M104879,thriller
M106100,Jared Leto
M106100,social commentary
M106100,uplifting
M106489,fantasy
M106489,Tolkien
M106489,too long
M109487,Christopher Nolan
M109487,sci-fi
M109487,time-travel
M112515,atmospheric
M112515,dark
M112515,Metaphorical
M112515,psychological
M112556,annoying
M112556,Stupid ending
M750,dark comedy
M2959,dark comedy
M58559,psychology
M58559,superhero
M5952,Myth
M98809,Action
M98809,Myth
M152711,Cambodia
M152711,crime
M152711,human rights
M152711,murder
M152711,procedural
M1,pixar
M2,game
M5,pregnancy
M5,remake
M7,remake
M11,politics
M11,president
M14,politics
M14,president
M16,Mafia
M17,Jane Austen
M21,Hollywood
M22,serial killer
M25,alcoholism
M26,Shakespeare
M28,In Netflix queue
M28,Jane Austen
M29,kidnapping
M31,high school
M31,teacher
M32,time travel
M34,Animal movie
M34,pigs
M36,death penalty
M36,Nun
M38,twins
M39,Emma
M39,Jane Austen
M40,In Netflix queue
M40,South Africa
M41,Shakespeare
M43,England
M45,Journalism
M46,wedding
M47,serial killer
M50,heist
M52,adoption
M52,prostitution
M58,writing
M62,music
M92,Jekyll and Hyde
M96,theater
M101,crime
M104,golf
M107,muppets
M110,Scotland
M111,assassination
M116,Holocaust
M122,dating
M140,journalism
M150,moon
M150,NASA
M150,space
M153,superhero
M160,Michael Crichton
M161,submarine
M162,In Netflix queue
M185,computers
M199,Made me cry
M215,generation X
M216,school
M222,Ireland
M223,generation X
M224,mental illness
M224,psychology
M230,Stephen King
M232,In Netflix queue
M235,movie business
M237,basketball
M237,France
M237,infertility
M246,basketball
M247,Australia
M249,Beethoven
M252,Einstein
M257,court
M260,darth vader
M260,luke skywalker
M260,space opera
M261,Louisa May Alcott
M262,England
M262,Girl Power
M262,India
M272,England
M272,mental illness
M277,Christmas
M279,In Netflix queue
M280,prison
M282,disability
M282,twins
M290,In Netflix queue
M293,hit men
M296,hit men
M300,TV
M307,Death
M308,marriage
M316,time travel
M317,Christmas
M318,prison
M318,Stephen King
M318,wrongful imprisonment
M326,In Netflix queue
M329,Enterprise
M337,mental illness
M338,serial killer
M339,coma
M342,Australia
M342,weddings
M345,cross dressing
M345,men in drag
M345,remade
M349,Tom Clancy
M350,John Grisham
M351,interracial romance
M356,shrimp
M356,Vietnam
M357,wedding
M361,gambling
M363,Holocaust
M363,In Netflix queue
M364,Disney
M371,journalism
M377,bus
M380,spies
M381,alcoholism
M412,Edith Wharton
M421,horses
M425,mental illness
M425,Oscar (Best Actress)
M440,President
M454,John Grisham
M457,based on a TV show
M471,hula hoop
M474,assassination
M475,Ireland
M477,biopic
M480,Dinosaur
M488,Japan
M488,sexuality
M497,Shakespeare
M500,cross dressing
M500,divorce
M500,men in drag
M508,AIDs
M513,radio
M513,show business
M515,Butler
M515,Housekeeper
M516,military
M522,Australia
M522,racism
M522,violence
M524,football
M527,Holocaust
M529,chess
M531,In Netflix queue
M534,C.S. Lewis
M535,large cast
M538,race
M539,Empire State Building
M541,robots
M543,beat poetry
M551,Christmas
M551,Halloween
M556,politics
M562,adolescence
M586,christmas
M587,overrated
M588,Disney
M589,robots
M590,American Indians
M590,Native Americans
M592,superhero
M593,Hannibal Lector
M594,Disney
M595,Disney
M596,Disney
M597,prostitution
M608,Coen Brothers
M616,Disney
M628,priest
M638,babies
M647,Gulf War
M648,based on a TV show
M668,India
M670,India
M671,spoof
M673,Bugs Bunny
M708,Veterinarian
M720,Aardman
M728,In Netflix queue
M733,Alcatraz
M736,Disaster
M745,Aardman
M748,aliens
M750,Atomic bomb
M778,drug abuse
M780,aliens
M800,In Netflix queue
M805,John Grisham
M818,based on a TV show
M830,adultery
M832,kidnapping
M838,Jane Austen
M852,golf
M858,Mafia
M892,Shakespeare
M898,divorce
M899,movie business
M900,France
M902,Capote
M903,falling
M904,voyeurism
M905,Screwball
M906,Brooch
M907,divorce
M908,Mount Rushmore
M909,adultery
M910,men in drag
M911,heist
M912,start of a beautiful friendship
M913,statue
M914,George Bernard Shaw
M915,rich guy - poor girl
M916,Italy
M916,royalty
M918,1900s
M919,Dorothy
M919,Toto
M920,Civil War
M921,television
M922,movies
M923,Rosebud
M924,Hal
M924,space
M926,Hollywood
M927,divorce
M928,Mrs. DeWinter
M929,Europe
M929,journalism
M929,war
M930,assassination
M931,amnesia
M934,wedding
M936,Cold War
M936,Russia
M938,prostitution
M940,swashbuckler
M941,swashbuckler
M943,ghosts
M944,Shangri-La
M945,Astaire and Rogers
M947,butler
M947,homeless
M947,screwball
M948,oil
M950,Nick and Nora Charles
M951,Screwball
M952,race
M953,Christmas
M954,Politics
M955,leopard
M955,screwball
M956,adoption
M965,fugitive
M968,zombies
M969,missionary
M970,crime
M971,Tennessee Williams
M973,journalism
M976,Hemingway
M986,Animal movie
M991,Ireland
M994,food
M1006,death penalty
M1006,John Grisham
M1010,Disney
M1010,race
M1013,twins
M1022,Disney
M1025,Disney
M1025,King Arthur
M1028,Disney
M1028,nanny
M1029,Disney
M1030,Disney
M1032,Disney
M1033,Disney
M1035,Rogers and Hammerstein
M1041,In Netflix queue
M1042,Music
M1059,Shakespeare
M1066,Astaire and Rogers
M1068,anti-Semitism
M1076,governess
M1079,fish
M1080,Bible
M1080,parody
M1080,religion
M1081,cross dressing
M1082,politics
M1084,1920s
M1084,gangsters
M1088,dance
M1088,music
M1089,heist
M1089,violence
M1090,Vietnam
M1093,1960s
M1093,Jim Morrison
M1093,music
M1096,Holocaust
M1097,aliens
M1101,Navy
M1103,1950s
M1103,adolescence
M1104,Tennessee Williams
M1124,aging
M1125,Clousseau
M1135,military
M1136,England
M1136,King Arthur
M1147,boxing
M1147,In Netflix queue
M1148,Aardman
M1171,politics
M1177,Italy
M1178,court
M1178,military
M1179,crime
M1183,adultery
M1185,In Netflix queue
M1187,disability
M1188,Australia
M1188,dance
M1189,In Netflix queue
M1189,police
M1193,mental illness
M1196,I am your father
M1196,space
M1196,space opera
M1197,Inigo Montoya
M1197,six-fingered man
M1198,archaeology
M1198,ark of the covenant
M1198,indiana jones
M1200,space
M1201,spaghetti western
M1203,court
M1204,Middle East
M1206,brainwashing
M1207,Harper Lee
M1207,racism
M1208,Vietnam
M1209,spaghetti western
M1210,darth vader
M1210,luke skywalker
M1210,space opera
M1212,ferris wheel
M1212,Venice
M1212,zither
M1213,Mafia
M1214,aliens
M1217,samurai
M1219,Norman Bates
M1220,Saturday Night Live
M1221,Mafia
M1222,Vietnam
M1223,moon
M1224,Shakespeare
M1225,Mozart
M1225,Salieri
M1228,boxing
M1230,New York
M1231,NASA
M1231,space
M1233,submarine
M1234,The Entertainer
M1235,May-December romance
M1237,chess
M1237,death
M1240,robots
M1242,Civil War
M1243,Shakespeare sort of
M1244,black and white
M1245,Mafia
M1246,High School
M1247,Simon and Garfunkel
M1249,hit men
M1250,POW
M1252,incest
M1253,aliens
M1254,Cold
M1257,skiing
M1258,Stephen King
M1259,Stephen King
M1260,serial killer
M1262,POW
M1263,Vietnam
M1266,revenge
M1267,assassination
M1267,brainwashing
M1269,murder
M1270,time travel
M1272,World War II
M1276,prison
M1277,In Netflix queue
M1278,spoof
M1280,In Netflix queue
M1281,Nazis
M1282,Disney
M1283,gunfight
M1284,Hammett
M1285,high school
M1288,heavy metal
M1288,mockumentary
M1288,music
M1291,archaeology
M1291,Holy Grail
M1292,television
M1293,India
M1296,E. M. Forster
M1299,Cambodia
M1299,Vietnam
M1301,Shakespeare sort of
M1301,space
M1302,baseball
M1303,India
M1304,crime
M1307,New York
M1333,birds
M1343,remake
M1344,lawyer
M1345,high school
M1345,prom
M1345,Stephen King
M1348,vampires
M1350,demons
M1353,personals ads
M1354,religion
M1356,Borg
M1358,ex-con
M1361,In Netflix queue
M1363,religion
M1366,Arthur Miller
M1367,dogs
M1367,remake
M1372,Klingons
M1374,Captain Kirk
M1376,whales
M1377,superhero
M1380,high school
M1381,high school
M1387,Shark
M1389,shark
M1393,sports
M1394,Coen Brothers
M1396,spying
M1398,Hemingway
M1407,slasher
M1407,spoof
M1408,Hawkeye
M1408,James Fennimore Cooper
M1411,Shakespeare
M1413,Conan
M1416,Andrew Lloyd Weber
M1423,In Netflix queue
M1423,Vietnam
M1441,mental illness
M1446,In Netflix queue
M1449,mockumentary
M1466,Mafia
M1474,jungle
M1485,lawyer
M1496,Tolstoy
M1500,hit men
M1500,reunion
M1513,reunion
M1537,ballroom dance
M1542,In Netflix queue
M1544,dinosaurs
M1545,death
M1569,weddings
M1573,transplants
M1580,aliens
M1586,military
M1608,president
M1610,Tom Clancy
M1617,Police
M1625,twist ending
M1635,1970s
M1643,England
M1643,Queen Victoria
M1645,lawyers
M1650,Henry James
M1653,future
M1663,military
M1672,In Netflix queue
M1674,Amish
M1680,alternate universe
M1682,TV
M1683,Henry James
M1711,Savannah
M1717,sequel
M1717,slasher
M1717,spoof
M1719,Canada
M1719,death
M1721,shipwreck
M1732,Coen Brothers
M1735,Charles Dickens
M1748,amnesia
M1777,1980s
M1797,In Netflix queue
M1810,politics
M1834,twist ending
M1836,No DVD at Netflix
M1893,In Netflix queue
M1900,In Netflix queue
M1902,generation X
M1909,conspiracy
M1912,heist
M1913,Australia
M1917,space
M1921,mathematics
M1931,ships
M1938,alcoholism
M1940,anti-Semitism
M1940,Judaism
M1942,Huey Long
M1942,In Netflix queue
M1942,Robert Penn Warren
M1945,boxing
M1945,coulda been a contender
M1947,Gangs
M1950,racism
M1951,Dickens
M1952,prostitution
M1953,drugs
M1953,police
M1954,boxing
M1954,sports
M1955,divorce
M1957,Olympics
M1957,sports
M1959,adultery
M1959,Africa
M1960,China
M1961,autism
M1962,rasicm
M1975,Jason
M1976,Jason
M1977,Jason
M1978,Jason
M1979,Jason
M1983,halloween
M1984,halloween
M1994,ghosts
M1995,ghosts
M1996,ghosts
M1997,demons
M2006,California
M2006,Mexico
M2011,time travel
M2019,samurai
M2020,adultery
M2022,Bible
M2022,Katzanzakis
M2028,World War II
M2054,Disney
M2058,police
M2059,twins
M2064,General Motors
M2064,Michigan
M2065,In Netflix queue
M2066,memory
M2070,music
M2071,AIDs
M2071,In Netflix queue
M2076,sexuality
M2076,suburbia
M2078,Disney
M2080,Disney
M2085,Disney
M2097,carnival
M2097,Ray Bradbury
M2100,mermaid
M2108,weather forecaster
M2114,S.E. Hinton
M2115,archaeology
M2116,Tolkein
M2118,Stephen King
M2121,Stephen King
M2122,Stephen King
M2139,mice
M2145,1980s
M2145,high school
M2160,demons
M2167,vampires
M2171,aquarium
M2171,Boston
M2171,personals ads
M2186,murder
M2187,theater
M2194,Capone
M2194,gangsters
M2202,survival
M2203,small towns
M2206,paranoia
M2208,train
M2243,journalism
M2247,Mafia
M2248,In Your Eyes
M2248,Lloyd Dobbler
M2249,Mafia
M2268,court
M2268,military
M2291,freaks
M2295,Screwball
M2300,Broadway
M2302,court
M2310,adolescence
M2312,death penalty
M2313,freaks
M2324,Holocaust
M2329,racism
M2334,terrorism
M2335,football
M2336,England
M2351,In Netflix queue
M2355,Pixar
M2357,South America
M2360,In Netflix queue
M2390,In Netflix queue
M2391,heist
M2394,Bible
M2394,Moses
M2396,England
M2410,boxing
M2411,boxing
M2412,boxing
M2420,martial arts
M2421,martial arts
M2422,martial arts
M2423,christmas
M2424,e-mail
M2424,remake
M2431,doctors
M2442,In Netflix queue
M2463,kidnapping
M2467,religion
M2470,Australia
M2471,Australia
M2491,food
M2494,Holocaust
M2494,Hungary
M2502,stapler
M2502,workplace
M2506,disability
M2517,Stephen King
M2529,twist ending
M2550,ghosts
M2553,evil children
M2554,evil children
M2565,Siam
M2571,alternate universe
M2572,Shakespeare sort of
M2579,black and white
M2581,high school
M2583,southern US
M2598,golfing
M2600,virtual reality
M2612,motherhood
M2628,prequel
M2628,the Force
M2640,superhero
M2641,superhero
M2642,superhero
M2648,In Netflix queue
M2660,aliens
M2664,1950s
M2677,In Netflix queue
M2692,alternate endings
M2693,Star Trek
M2699,spiders
M2710,claims to be true
M2710,video
M2712,sexuality
M2716,ghosts
M2717,Ghosts
M2719,remake
M2723,superhero
M2726,heist
M2728,crucifixion
M2728,Rome
M2728,slavery
M2745,Missionary
M2745,Priest
M2750,nostalgia
M2750,radio
M2761,robots
M2762,ghosts
M2762,I see dead people
M2787,Stephen King
M2791,aviation
M2791,spoof
M2797,children
M2801,gambling
M2803,lawyers
M2804,Christmas
M2827,aliens
M2863,Beatles
M2871,river
M2872,England
M2872,King Arthur
M2905,In Netflix queue
M2915,prostitution
M2918,High School
M2919,Academy award (Best Supporting Actress)
M2919,Indonesia
M2919,journalism
M2927,adultery
M2935,gambling
M2937,screwball
M2939,In Netflix queue
M2940,nightclub
M2941,island
M2943,Vietnam
M2952,gambling
M2959,violence
M2966,brothers
M2966,lawn mower
M2967,evil children
M2968,time travel
M2987,live action/animation
M3000,anime
M3006,tobacco
M3006,true story
M3007,In Netflix queue
M3011,dance marathon
M3028,Shakespeare
M3030,samurai
M3039,class
M3040,camp
M3044,memory
M3044,music
M3052,religion
M3060,In Netflix queue
M3071,high school
M3072,New York
M3077,In Netflix queue
M3077,Up series
M3081,Ichabod Crane
M3087,christmas
M3087,new york
M3095,depression
M3095,dust bowl
M3097,remade
M3098,baseball
M3098,sports
M3101,adultery
M3108,homeless
M3111,racism
M3114,Pixar
M3115,men in drag
M3125,Graham Greene
M3135,fatherhood
M3147,Stephen King
M3152,black-and-white
M3160,L.A.
M3174,Andy Kaufman
M3175,spoof
M3176,Europe
M3176,murder
M3178,boxing
M3181,Shakespeare
M3192,In Netflix queue
M3210,high school
M3211,a dingo ate my baby
M3211,Australia
M3247,nuns
M3250,In Netflix queue
M3258,plastic surgery
M3259,Ireland
M3260,E.M. Forster
M3263,basketball
M3270,figure skating
M3273,slasher
M3273,spoof
M3281,sexuality
M3306,big top
M3306,circus
M3307,blind
M3310,orphans
M3317,writing
M3330,adolescence
M3330,sexuality
M3338,In Netflix queue
M3341,remade
M3360,basketball
M3384,subway
M3385,Peace Corp
M3386,politics
M3386,president
M3408,scandal
M3408,true story
M3420,lawyers
M3421,college
M3421,TOGA
M3424,racism
M3429,aardman
M3435,Insurance
M3447,Pearl S Buck
M3451,Hepburn and Tracy
M3451,interracial marriage
M3451,prejudice
M3451,racism
M3456,In Netflix queue
M3461,island
M3462,factory
M3468,pool
M3469,court
M3469,evolution
M3469,religion
M3475,class
M3481,Nick Hornby
M3489,Peter Pan
M3498,In Netflix queue
M3502,death
M3504,journalism
M3507,In Netflix queue
M3512,transplants
M3515,alternate endings
M3526,families
M3528,psychiatrist
M3536,priest
M3536,rabbi
M3546,show business
M3548,1920s
M3549,Gambling
M3552,golf
M3556,1970s
M3556,suicide
M3559,In Netflix queue
M3566,business
M3566,religion
M3608,Pee Wee Herman
M3629,mining
M3675,Christmas
M3676,In Netflix queue
M3683,Coen Brothers
M3712,television
M3723,Shakespeare
M3724,Vietnam
M3730,spying
M3735,police
M3793,superhero
M3801,court
M3811,court
M3816,missing children
M3844,diabetes
M3849,disability
M3859,In Netflix queue
M3859,televangelist
M3877,superhero
M3897,journalism
M3897,music
M3897,Rolling Stone
M3910,blindness
M3910,factory
M3911,Dogs
M3932,invisibility
M3949,drug abuse
M3951,In Netflix queue
M3967,ballet
M3983,family
M3988,Dr. Seuss
M3994,superhero
M3996,china
M3996,martial arts
M4007,business
M4012,stand-up comedy
M4019,writing
M4024,Edith Wharton
M4025,pageant
M4027,bluegrass
M4029,movies
M4034,based on a TV show
M4046,Quakers
M4077,psychopaths
M4105,zombies
M4113,Tennessee Williams
M4117,In Netflix queue
M4138,demons
M4160,death penalty
M4164,homeless
M4164,New York
M4166,reality TV
M4171,Eugene O'Neill
M4174,In Netflix queue
M4184,Christmas
M4189,Bible
M4189,religion
M4190,preacher
M4190,religion
M4191,sexuality
M4194,In Netflix queue
M4204,virginity
M4210,Hannibal Lecter
M4210,serial killer
M4211,von Bulow
M4214,college
M4218,In Netflix queue
M4221,football
M4226,Backwards. memory
M4232,spying
M4246,singletons
M4259,Nabokov
M4263,alcoholism
M4292,Union
M4296,death
M4306,fairy tales
M4312,In Netflix queue
M4316,figure skating
M4326,race
M4326,rasicm
M4333,Strangers on a Train
M4347,Holocaust
M4356,In Netflix queue
M4359,adultery
M4361,men in drag
M4370,robots
M4380,accident
M4396,race
M4404,In Netflix queue
M4447,lawyers
M4448,heist
M4465,rape
M4476,twins
M4477,circus
M4489,Africa
M4489,immigrants
M4495,New York
M4526,aliens
M4537,hippies
M4545,robots
M4546,kidnapping
M4546,remade
M4558,twins
M4571,time travel
M4600,doctors
M4621,babies
M4623,baseball
M4638,dinosaurs
M4639,Hollywood
M4639,movie business
M4641,adolescence
M4677,dogs
M4678,television
M4688,In Netflix queue
M4787,prodigies
M4801,family
M4808,remake
M4809,Nuclear disaster
M4809,union
M4812,NASA
M4812,space
M4823,wedding
M4835,Loretta Lynn
M4857,Judaism
M4857,Tradition!
M4874,aliens
M4874,psychiatrist
M4878,time travel
M4881,Coen Brothers
M4896,Magic
M4896,Wizards
M4902,ghosts
M4920,psychology
M4963,heist
M4969,In Netflix queue
M4970,nightclub
M4970,singers
M4973,whimsical
M4979,new york
M4980,time travel
M4993,Tolkein
M4998,racism
M5008,Agatha Christie
M5008,court
M5012,cross dressing
M5012,Judaism
M5015,race
M5034,Ghost
M5064,Dumas
M5064,revenge
M5114,movie business
M5120,In Netflix queue
M5135,India
M5139,baseball
M5213,religion
M5224,In Netflix queue
M5238,In Netflix queue
M5266,crime
M5291,In Netflix queue
M5291,samurai
M5294,religion
M5304,In Netflix queue
M5316,World War II
M5349,superhero
M5353,blind
M5377,Nick Hornby
M5379,anti-Semitism
M5379,Judaism
M5398,boxing
M5404,books
M5445,future
M5446,Australia
M5450,sisterhood
M5450,women
M5451,disability
M5451,mental illness
M5470,Oscar Wilde
M5475,In Netflix queue
M5483,movie business
M5498,In Netflix queue
M5502,aliens
M5505,adultery
M5505,younger men
M5527,AS Byatt
M5527,books
M5528,photography
M5528,psychopaths
M5548,homeless
M5577,adolescence
M5601,Animal movie
M5603,crime
M5603,heist
M5618,anime
M5629,Bible
M5630,Hannibal Lecter
M5633,bombs
M5644,baseball
M5644,Lou Gehrig
M5669,violence in america
M5673,pudding
M5682,Holocaust
M5685,Girl Power
M5690,made me cry
M5690,orphans
M5721,In Netflix queue
M5721,Judaism
M5747,World War I
M5791,art
M5792,dating
M5802,teenagers
M5812,salute to Douglas Sirk
M5816,Magic
M5816,Wizards
M5820,music business
M5875,short films
M5876,Graham Greene
M5878,coma
M5899,Africa
M5952,Tolkein
M5954,crime
M5954,nightclub
M5971,anime
M5989,crime
M5991,court
M5991,jazz
M5991,murder
M5994,Dickens
M5995,Holocaust
M6002,drugs
M6002,planes
M6002,widows/widowers
M6003,television
M6016,crime
M6016,photography
M6016,violence
M6020,class
M6027,In Netflix queue
M6031,motherhood
M6031,race
M6041,In Netflix queue
M6063,doll
M6090,ghosts
M6101,Chile
M6101,politics
M6101,South America
M6104,spoof
M6156,England
M6159,adolescence
M6163,obsession
M6170,horses
M6178,blind
M6178,blindness
M6178,race
M6181,Civil War
M6181,Stephen Crane
M6183,Day and Hudson
M6183,sexuality
M6195,books
M6195,Stones of Summer
M6197,mental illness
M6201,England
M6216,World War II
M6218,soccer
M6228,In Netflix queue
M6232,animal movie
M6232,lions
M6235,Holocaust
M6235,World War II
M6238,immigrants
M6242,television
M6244,In Netflix queue
M6245,prostitution
M6254,screwball
M6268,adolescence
M6269,Big Brothers
M6273,L.A.
M6281,crime
M6286,amnesia
M6288,gangs
M6289,Titanic
M6291,prostitution
M6296,mockumentary
M6297,children
M6299,birds
M6305,Ray Bradbury
M6308,lawyers
M6327,1970s
M6327,movies
M6331,spelling bee
M6333,Jean Grey
M6333,Magneto
M6333,Rogue
M6333,superhero
M6333,Wolverine
M6334,teachers
M6337,gambling
M6339,trains
M6341,art
M6350,anime
M6367,retro
M6368,movies
M6373,religion
M6375,In Netflix queue
M6375,They Might Be Giants
M6377,Disney
M6377,fish
M6378,heist
M6380,child abuse
M6385,Girl Power
M6390,Ninotchka remake
M6400,crime
M6407,Olympics
M6407,Tokyo
M6422,Civil War
M6440,movie business
M6452,In Netflix queue
M6454,Nazis
M6466,In Netflix queue
M6502,zombies
M6515,fugitive
M6516,In Netflix queue
M6535,politics
M6536,swashbuckler
M6539,swashbuckler
M6545,Dodie Smith
M6547,flood
M6552,immigration
M6565,horses
M6579,Japan
M6591,religion
M6592,marriage
M6603,Othello
M6609,Bible
M6620,cancer
M6636,road trip
M6639,blindness
M6650,family
M6650,multiple roles
M6650,murder
M6660,ballet
M6662,Clousseau
M6667,FBI
M6668,In Netflix queue
M6669,terminal illness
M6708,con men
M6708,fatherhood
M6710,vertriloquism
M6711,Japan
M6713,In Netflix queue
M6724,In Netflix queue
M6732,matchmaker
M6744,vampire
M6753,Animal movie
M6768,religion
M6770,adultery
M6770,terminal illness
M6773,biking
M6776,India
M6785,Lonesome Polecat
M6786,In Netflix queue
M6787,journalism
M6787,Watergate
M6788,pregnancy
M6791,Food
M6807,british comedy
M6810,domestic violence
M6820,werewolf
M6832,amnesia
M6849,Christmas
M6852,black and white
M6852,Capote
M6852,crime
M6852,death penalty
M6852,murder
M6856,biopic
M6863,school
M6867,trains
M6870,child abuse
M6870,kidnapping
M6874,martial arts
M6874,revenge
M6881,Thanksgiving
M6890,adolescence
M6890,violence in america
M6909,transplants
M6912,Rita Hayworth can dance!
M6918,India
M6932,journalism
M6936,christmas
M6944,remake
M6944,wedding
M6948,music business
M6948,rap
M6963,Amish
M6970,Hepburn and Tracy
M6979,Cold War
M6981,religion
M6984,Dickens
M6985,saint
M6993,family
M7013,good and evil
M7018,court
M7018,Scott Turow
M7023,In Netflix queue
M7025,In Netflix queue
M7049,Astaire and Rogers
M7050,Astaire and Rogers
M7053,Astaire and Rogers
M7055,Astaire and Rogers
M7059,horses
M7061,terminal illness
M7062,birds
M7062,prison
M7069,In Netflix queue
M7069,Shakespeare
M7070,cattle drive
M7071,In Netflix queue
M7073,Clousseau
M7079,disability
M7086,George Bernard Shaw
M7087,E.M. Forster
M7088,In Netflix queue
M7090,martial arts
M7091,Marx brothers
M7121,Hepburn and Tracy
M7132,Marx brothers
M7132,opera
M7139,immigrants
M7141,In Netflix queue
M7153,Tolkein
M7156,Vietnam
M7158,real estate
M7160,serial killer
M7162,Civil War
M7190,Charlotte Bronte
M7212,cross dressing
M7212,men in drag
M7217,amnesia
M7218,In Netflix queue
M7219,truckers
M7234,circus
M7256,mountain climbing
M7285,adolescence
M7301,priest
M7301,religion
M7318,religion
M7323,Cold War
M7361,memory
M7371,Grace
M7382,adolescence
M7382,crime
M7438,revenge
M7440,Holocaust
M7451,High School
M7479,World War II
M7493,multiple personalities
M7572,cancer
M7584,Hepburn and Tracy
M7584,marriage
M7614,Rogers and Hammerstein
M7618,biopic
M7618,In Netflix queue
M7619,blindness
M7619,deaf
M7646,Stephen King
M7649,space station
M7700,In Netflix queue
M7705,Hepburn and Tracy
M7705,sports
M7713,sexuality
M7714,King Arthur
M7728,adultery
M7748,In Netflix queue
M7766,MacBeth
M7789,terrorism
M7792,In Netflix queue
M7831,Nick and Nora Charles
M7832,Nick and Nora Charles
M7833,Nick and Nora Charles
M7834,Nick and Nora Charles
M7835,Nick and Nora Charles
M7924,In Netflix queue
M7926,In Netflix queue
M7932,Amtrak
M7932,Homeless
M7932,independent
M7932,New York
M7932,Sundance award winner
M7932,Train
M7934,psychology
M7981,police
M7983,show business
M8011,politics
M8014,In Netflix queue
M8019,remade
M8033,In Netflix queue
M8094,In Netflix queue
M8153,Van Gogh
M8167,swashbuckler
M8183,In Netflix queue
M8188,Not available from Netflix
M8190,In Netflix queue
M8191,Anne Boleyn
M8197,In Netflix queue
M8207,assassination
M8228,heist
M8235,Clock
M8266,Prince
M8275,In Netflix queue
M8337,military
M8338,convent
M8338,religion
M8341,Dickens
M8360,ogres
M8366,pregnancy
M8366,religion
M8368,Magic
M8368,Wizards
M8375,politics
M8376,high school
M8379,In Netflix queue
M8382,death
M8424,divorce
M8446,World War II
M8463,deafness
M8464,food
M8464,McDonalds
M8507,circus
M8530,Ireland
M8580,fairy tales
M8580,In Netflix queue
M8607,In Netflix queue
M8609,In Netflix queue
M8622,politics
M8622,terrorism
M8636,Doc Ock
M8638,generation X
M8645,drugs
M8645,immigrants
M8695,court
M8714,Cole Porter
M8754,Oscar (Best Actress)
M8765,In Netflix queue
M8784,psychology
M8796,Rome
M8809,Australia
M8827,Stand Up
M8838,In Netflix queue
M8874,zombies
M8875,alcoholism
M8875,marriage
M8879,Agatha Christie
M8879,Oscar (Best Supporting Actress)
M8879,train
M8880,disability
M8914,time travel
M8920,Oscar (Best Actress)
M8938,parenthood
M8938,psychology
M8943,stage
M8949,wine
M8950,psychology
M8951,abortion
M8958,biopic
M8961,Disney
M8961,superhero
M8970,Peter Pan
M8979,Hearst
M8983,martial arts
M8998,In Netflix queue
M9018,journalism
M25753,gold
M25825,revenge
M25841,show business
M25855,In Netflix queue
M25865,In Netflix queue
M25886,made me cry
M25940,mirrors
M25952,In Netflix queue
M26085,Not available from Netflix
M26131,In Netflix queue
M26151,donkey
M26242,In Netflix queue
M26662,anime
M26776,In Netflix queue
M27731,In Netflix queue
M27741,In Netflix queue
M27790,religion
M27790,saints
M27820,Animal movie
M27820,camels
M27834,fatherhood
M27838,revenge
M27878,India
M27882,surfing
M30707,boxing
M30749,genocide
M30793,roald dahl
M30812,biopic
M30812,Howard Hughes
M30812,movie business
M30820,child abuse
M30822,busniess
M30850,Shakespeare
M31030,motherhood
M31437,orphans
M31658,06 Oscar Nominated Best Movie - Animation
M31658,In Netflix queue
M31903,marriage
M31923,In Netflix queue
M32160,In Netflix queue
M32371,In Netflix queue
M32582,birds
M32582,parrots
M32584,fatherhood
M33154,business
M33154,money
M33154,scandal
M33166,racism
M33493,space
M33493,space opera
M33660,boxing
M34271,hip hop
M34359,pregnancy
M34405,Firefly
M34437,In Netflix queue
M34482,In Netflix queue
M34528,pregnancy
M34542,Animal movie
M34542,bears
M35015,Animal movie
M35015,In Netflix queue
M36517,Africa
M36517,business
M36517,politics
M36527,mathematics
M36535,In Netflix queue
M37240,In Netflix queue
M37729,06 Oscar Nominated Best Movie - Animation
M37733,In Netflix queue
M37736,Dickens
M37741,Truman Capote
M38038,06 Oscar Nominated Best Movie - Animation
M38038,Aardman
M38061,In Netflix queue
M38886,divorce
M39234,courtroom drama
M39234,In Netflix queue
M39292,In Netflix queue
M39292,journalism
M39292,McCarthy hearings
M39292,Morrow
M40583,In Netflix queue
M40629,In Netflix queue
M40815,Magic
M40815,Wizards
M40819,Johnny Cash
M41566,C.S. Lewis
M41997,In Netflix queue
M42002,In Netflix queue
M42740,In Netflix queue
M32,Brad Pitt
M32,Bruce Willis
M32,mindfuck
M32,Post apocalyptic
M32,post-apocalyptic
M32,remake
M32,time travel
M32,twist ending
M34,villain nonexistent or not needed for good story
M104,Adam Sandler
M216,Adam Sandler
M216,stop looking at me swan
M318,Morgan Freeman
M541,androids
M541,artificial intelligence
M541,atmospheric
M541,cyberpunk
M541,future
M541,mindfuck
M541,Philip K. Dick
M589,Scifi masterpiece
M593,disturbing
M593,drama
M593,gothic
M593,psychology
M593,suspense
M733,Michael Bay
M733,terrorism
M750,black comedy
M750,dark comedy
M750,satire
M832,GIVE ME BACK MY SON!
M832,It was melodramatic and kind of dumb
M832,Mel Gibson
M903,Alfred Hitchcock
M903,Atmospheric
M903,imdb top 250
M903,James Stewart
M904,imdb top 250
M904,James Stewart
M904,mystery
M904,photographer
M904,photography
M908,Alfred Hitchcock
M908,imdb top 250
M922,eerie
M922,movie business
M1089,humorous
M1089,neo-noir
M1089,Quentin Tarantino
M1089,religion
M1089,Tarantino
M1196,classic
M1196,George Lucas
M1196,Harrison Ford
M1196,music
M1196,original plot
M1196,sci-fi
M1196,sequel
M1219,Alfred Hitchcock
M1219,black and white
M1219,imdb top 250
M1219,remade
M1222,anti-war
M1274,animation
M1274,anime
M1274,visually stunning
M2393,cameo:Whoopi Goldberg
M2393,space opera
M2393,Star Trek
M2694,Adam Sandler
M2706,best comedy
M2706,Chris Klein
M2706,dumb
M2706,Jason Biggs
M2706,not funny
M2706,pizza beer
M2706,Seann William Scott
M2706,teen
M2761,animation
M3000,adventure
M3000,atmospheric
M3000,fantasy world
M3000,Studio Ghibli
M3000,surreal
M3527,aliens
M3527,Arnold Schwarzenegger
M3527,dialogue
M3527,guns
M3527,Jesse Ventura
M3527,macho
M3527,sci-fi
M3527,scifi cult
M3994,atmospheric
M3994,comics
M3994,father-son relationship
M3994,mindfuck
M3994,unique
M4226,mystery
M4226,twist ending
M4454,claymation
M4454,creativity
M4454,dystopia
M4454,free to download
M4454,imagination
M4454,no dialogue
M4454,social commentary
M4725,mental hospital
M4725,psychology
M4725,suspense
M4725,Well Done
M4878,dreamlike
M4878,hallucinatory
M4878,mental illness
M4878,psychology
M4878,social commentary
M4878,teen
M4878,thought-provoking
M5459,crappy sequel
M5459,first was much better
M5459,sequel
M7361,cult film
M7361,imagination
M7361,Jim Carrey
M7361,love
M7361,surreal
M7439,comic book
M8783,Atmospheric
M8783,good soundtrack
M8783,M. Night Shyamalan
M8961,animation
M8961,Samuel L. Jackson
M41569,big budget
M42422,love
M45499,Halle Berry
M45499,Hugh Jackman
M45730,bad
M45730,disappointing
M45730,faerie tale
M45730,fairy tale
M45730,far fetched
M45730,M. Night Shyamalan
M45730,Paul Giamatti
M47610,costume drama
M47610,Edward Norton
M47610,magic
M47610,Paul Giamatti
M52885,dreamlike
M53468,zombies
M54503,friendship
M54503,high school
M54503,Michael Cera
M54503,nerds
M54503,self discovery
M54503,shenanigans
M54503,virginity
M55167,anime
M56174,alone in the world
M56174,apocalypse
M56174,based on a book
M56174,last man on earth
M56174,plot holes
M56174,Post apocalyptic
M56174,post-apocalyptic
M56174,religion
M56174,vampire
M56367,Michael Cera
M56367,notable soundtrack
M56367,pregnancy
M56367,teenage pregnancy
M56367,witty
M57669,black comedy
M57669,Colin Farrell
M57669,dark comedy
M57669,drugs
M57669,friendship
M57669,irreverent
M57669,Ralph Fiennes
M57669,stylized
M59141,movies about movies
M60069,last man on earth
M60069,love story
M60069,Post apocalyptic
M60069,social commentary
M61323,Brad Pitt
M61323,Coen Bros
M61323,Coen Brothers
M61323,dark comedy
M61323,espionage
M61323,George Clooney
M61323,John Malkovich
M61323,satire
M61323,twists & turns
M61323,weird
M62336,2D animation
M62336,cult film
M62336,stylish
M62336,surreal
M66934,joss whedon
M66934,Nathan Fillion
M66934,Neil Patrick Harris
M66934,parody
M67087,Andy Samberg
M67087,bromance
M67087,bromantic
M67087,comedy
M67087,Jaime Pressly
M67087,Jason Segel
M67087,masculinity
M67087,Paul Rudd
M68237,2001-like
M68237,Sci-fi
M68237,solitude
M68319,bad plot
M68319,comic book
M68319,hugh jackman
M68319,Ryan Reynolds
M68319,too many characters
M68358,future
M68358,lack of development
M68358,lack of story
M68358,quick cuts
M68358,sci-fi
M68358,Simon Pegg
M68358,space
M68358,space travel
M68358,time travel
M68791,artificial intelligence
M68791,bad acting
M68791,bad plot
M68791,bad script
M68791,Christian Bale
M68791,FIGHTING THE SYSTEM
M68791,franchise
M68791,new composer
M68791,post-apocalyptic
M68791,robots
M68791,sci-fi
M68791,sequel
M68945,Recap
M69526,bad plot
M69526,Michael Bay
M69526,needed more autobots
M69526,plot holes
M69526,ridiculous
M69526,Shia LaBeouf
M69526,stop using useless characters for filler
M69757,artistic
M69757,Funny
M69757,humorous
M69757,inspiring
M69757,intelligent
M69757,quirky
M69757,romance
M69757,Zooey Deschanel
M70286,intelligent sci-fi
M72224,bad humor
M72998,bad science
M72998,futuristic
M72998,graphic design
M72998,James Cameron
M72998,military
M72998,poor dialogue
M72998,sci-fi
M72998,superficial plot
M72998,unoriginal
M72998,white guilt
M79132,dreamlike
M79132,surreal
M79132,visually appealing
M79702,geeky
M79702,Michael Cera
M79702,stylized
M79702,video games
M82242,male nudity
M82461,action choreography
M82461,Horrid characterisation
M82461,Poor plot development
M82461,sequel
M82461,soundtrack
M112552,passion
M112552,psychological
M112552,suspense
M112552,jazz
M112552,music
M112552,tense
M80834,adventure
M80834,animation
M80834,fantasy
M750,purity of essence
M750,Slim Pickens
M6787,Deep Throat
M3039,Dan Aykroyd
M60516,enjoyable
M356,bubba gump shrimp
M356,lieutenant dan
M356,stupid is as stupid does
M527,based on a true story
M527,biography
M527,disturbing
M527,holocaust
M1625,Mystery
M1721,romance
M2329,edward norton
M2329,emotional
M2329,politics
M2571,philosophy
M2571,post apocalyptic
M3949,depressing
M3949,psychology
M5989,cheating
M5989,intelligent
M5989,Leonardo DiCaprio
M5989,lies
M5989,smart
M5989,Tom Hanks
M5989,twists & turns
M8533,memory loss
M8533,romance
M8533,sad
M55765,corruption
M55765,Denzel Washington
M55765,mafia
M55765,organized crime
M58295,heist
M58295,robbery
M58295,small time criminals
M69122,casino
M69122,comedy
M69122,funny
M69122,hotel
M69122,Las Vegas
M69481,war
M72998,beautiful scenery
M72998,graphic design
M72998,music
M72998,politics
M72998,romance
M72998,thought-provoking
M72998,too long
M72998,visually stunning
M79132,big budget
M79132,clever
M79132,complicated
M79132,dead wife
M79132,great soundtrack
M79132,heist
M79132,intellectual
M79132,mindfuck
M79132,philosophy
M79132,psychological
M79132,psychology
M79132,suspense
M79132,thought-provoking
M80489,crime
M80489,FBI
M80489,romance
M80489,too much love interest
M80906,business
M80906,corruption
M80906,economics
M80906,investor corruption
M80906,politics
M80906,truth
M89745,Captain America
M89745,silly
M89745,superhero
M89745,superhero team
M90439,bank
M90439,big corporations
M90439,business
M90439,corruption
M90439,financial crisis
M90439,Kevin Spacey
M90439,realistic
M90439,suspense
M90439,Wall Street
M92259,emotional
M92259,sexuality
M95067,interesting scenario
M95441,crude humor
M97304,cia
M97304,politics
M97304,Thrilling
M99114,Soundtrack
M104218,Adam Sandler
M104841,cliche characters
M104841,long shots
M104841,predictable
M104841,Simple
M104841,slow action
M104841,visually appealing
M105504,hostage
M105504,ocean
M105504,suspense
M106782,Stock Market
M106782,Wall Street
M85565,Comedy
M1,fun
M101,off-beat comedy
M101,quirky
M308,cynical
M356,bittersweet
M356,emotional
M356,heartwarming
M356,touching
M541,atmospheric
M541,dreamlike
M541,existentialism
M541,philosophical
M750,black comedy
M750,dark comedy
M750,Quirky
M1203,claustrophobic
M1203,confrontational
M1203,earnest
M1203,good dialogue
M1203,great screenplay
M1203,gritty
M1203,Motivational
M1203,thought-provoking
M1237,atmospheric
M1237,cerebral
M1237,existentialism
M1237,philosophical
M1237,reflective
M1260,atmospheric
M1260,chilly
M1260,creepy
M1260,menacing
M1260,mental illness
M1260,oninous
M1653,intelligent
M1653,thought-provoking
M1704,heartwarming
M1704,inspirational
M1916,avant-garde romantic comedy
M1916,elegiac
M1916,melancholy
M1916,quirky
M1916,wry
M1921,artsy
M1921,atmospheric
M1921,cerebral
M1921,enigmatic
M1921,existentialism
M1921,hallucinatory
M1921,insanity
M1921,paranoia
M1921,paranoid
M1921,surreal
M1921,tense
M1921,visually appealing
M2138,atmospheric
M2138,beautiful
M2324,bittersweet
M2324,emotional
M2324,Heartwarming
M2324,poignant
M2324,sentimental
M2324,tear jerker
M2324,tearjerking
M2731,emotional
M2731,gentle
M2731,heartwarming
M2731,lyrical
M2731,reflective
M3134,downbeat
M3134,poignant
M3266,black comedy
M3266,crazy
M3266,dark
M3266,dark comedy
M3266,dark humor
M3266,serial killer
M3424,great cinematography
M3671,dark humor
M3671,easygoing
M3671,silly
M3676,art house
M3676,Atmospheric
M3676,creepy
M3676,cryptic
M3676,dark
M3676,disturbing
M3676,dreamlike
M3676,enigmatic
M3676,fucked up
M3676,gruesome
M3676,hallucinatory
M3676,Insane
M3676,paranoid
M3676,strange
M3676,surreal
M3676,weird
M3994,atmospheric
M3994,somber
M4144,atmospheric
M4144,Beautiful
M4144,bittersweet
M4144,dreamy
M4144,elegant
M4144,heartbreaking
M4144,intimate
M4144,loneliness
M4144,long takes
M4144,longing
M4144,melancholic
M4144,melancholy
M4144,moody
M4144,nocturnal
M4144,romantic
M4144,Unique
M4144,visually appealing
M4144,visually stunning
M4226,cerebral
M4226,dreamlike
M4552,"""artsy"""
M4552,atmospheric
M4552,gritty
M4552,hallucinatory
M4552,surreal
M4552,visually stunning
M4878,atmospheric
M4878,cerebral
M4878,dreamlike
M4878,enigmatic
M4878,hallucinatory
M4878,mental illness
M4878,mindfuck
M4878,philosophy
M4878,psychological
M4878,quirky
M4878,surreal
M4878,thought-provoking
M4878,weird
M5673,anger
M5673,awkward
M5673,bittersweet
M5673,hallucinatory
M5673,quirky
M5673,sad
M5673,surreal
M5673,symbolism
M5673,tense
M5673,unconventional
M5673,unique
M5673,wistful
M5690,beautiful
M5690,downbeat
M5690,grim
M5690,poignant
M5690,tear jerker
M5690,tragedy
M5690,tragic
M6214,dark
M6214,disturbing
M6291,Depressing
M6291,melancholy
M6291,sad
M6377,heartwarming
M6669,meditative
M6669,philosophical
M6669,poignant
M6669,purposefulness
M6818,atmospheric
M6818,bleak
M6818,disturbing
M6818,gritty
M6818,harsh
M7024,bleak
M7024,confrontational
M7024,disturbing
M7024,harsh
M7024,haunting
M7024,inhumane
M7024,thought-provoking
M7361,arthouse
M7361,artistic
M7361,atmospheric
M7361,beautiful
M7361,bittersweet
M7361,colourful
M7361,comedy
M7361,dreamlike
M7361,emotional
M7361,feel-good
M7361,happpiness
M7361,humane
M7361,insightful
M7361,intelligent
M7361,lovely
M7361,melancholy
M7361,mind-bending
M7361,philosophy
M7361,quirky
M7361,quirky romantic
M7361,romantic
M7361,surreal
M7361,surrealism
M7361,thought-provoking
M8335,heartbreaking
M8477,post-apocalyptic
M25771,mindfuck
M25771,surreal
M25771,surrealism
M26717,boring
M26717,psychedelic
M26717,symbolic
M27773,bizarre
M27773,claustrophobic
M27773,depressing
M27773,disturbing
M27773,hallucinatory
M27773,paranoid
M27773,surreal
M27773,twisted
M30810,heartwarming
M30810,off-beat comedy
M30810,quirky
M30810,trippy
M30810,visually appealing
M30810,whimsical
M40491,depression
M45880,cinematography
M45880,lyrical
M48394,atmospheric
M48394,bittersweet
M48394,visually appealing
M48780,atmospheric
M48780,enigmatic
M50872,clever
M50872,inspirational
M56782,atmospheric
M56782,cerebral
M56782,character study
M56782,gritty
M56782,intense
M56782,long shots
M56782,morality
M56782,visually appealing
M57502,abstract
M57502,dark
M57502,psychedelic
M57502,surreal
M58301,dark
M58301,dark humor
M58301,intelligent
M58301,thought-provoking
M58559,dark
M58559,gritty
M63062,emotional
M68954,bittersweet
M68954,emotional
M68954,heartbreaking
M68954,touching
M71899,bittersweet
M71899,black comedy
M71899,character study
M71899,dark comedy
M71899,friendship
M71899,loneliness
M71899,mental illness
M71899,philosophical
M71899,poignant
M71899,quirky
M71899,sad
M71899,sweet
M71899,touching
M74791,surreal
M74791,whimsical
M79132,cerebral
M79132,dreamlike
M79132,philosophy
M79132,thought-provoking
M80463,good dialogue
M80463,loneliness
M80463,witty
M89745,fun
M89745,great humor
M89745,visually appealing
M94959,quirky
M95558,Beautiful
M95558,emotional
M95558,poetic
M96079,beautiful cinematography
M96079,beautifully filmed
M96079,cinematography
M99764,moving
M99764,philosopical
M99764,surreal
M99764,weird
M99917,artistic
M99917,artsy
M99917,atmospheric
M99917,Beautiful
M99917,dreamlike
M99917,existentialism
M104875,quirky
M104944,emotional
M104944,feel-good
M104944,heartwarming
M104944,mental illness
M104944,touching
M105504,suspense
M105504,tense
M106766,atmospheric
M106766,cinematography
M106766,depressing
M106766,funny
M107406,fatalistic
M108932,cheeky
M108932,clever
M108932,colorful
M108932,feel-good
M108932,fun
M108932,imaginative
M108932,quirky
M109487,bad dialogue
M109487,philosophical issues
M109487,thought-provoking
M109487,visually appealing
M112421,adorable
M112421,black comedy
M112421,Eccentric
M112421,introspection
M112421,mental illness
M112421,quirky
M112552,inspirational
M112552,inspiring
M112552,intense
M112852,funny
M112852,Great Visuals
M112852,humorous
M112852,unlikely hero
M113705,bittersweet
M114627,atmospheric
M114627,bizzare
M114627,eerie
M114627,symbolism
M116797,inspirational
M116797,intelligent
M117877,philosophical
M117877,trippy
M117887,heartwarming
M119145,slick
M122882,beautiful
M122882,cinematography
M122882,visually appealing
M122912,Dark
M122912,emotional
M122912,Sad
M122912,Visually appealing
M122912,Visually stunning
M122916,awesome
M122916,humor
M122916,quirky
M122916,unconventional
M122916,white guilt
M122918,fun
M122922,visually appealing
M127298,depressing
M127298,understated
M134130,smart
M134170,funny
M134170,ridiculous
M134170,silly
M138036,slick
M138036,stylish
M139385,cinematography
M139385,visually appealing
M139385,Visually Striking
M139644,atmospheric
M139644,tension
M140174,moving
M140174,touching
M141890,Moving
M143367,contemplative
M143367,philosophical
M143367,thought-provoking
M143367,tragic
M148626,funny
M148626,interesting
M148626,Witty
M148881,Existential
M148881,surreal
M152077,creepy
M152077,suspense
M153070,nightmare
M155288,suspense
M155288,thought-provoking
M156605,quirky
M156605,sweet
M156605,understated
M161634,intense
M164179,beautiful visuals
M164179,Cerebral
M164179,cinematography
M164179,good cinematography
M164179,smart
M164179,thought-provoking
M164179,visually appealing
M164909,Bittersweet
M164909,visually appealing
M167746,funny
M167746,heartwarming
M168252,dark
M168252,emotional
M168252,gritty
M168252,heartbreaking
M168252,predictible plot
M170945,paranoia
M170945,Suspenseful
M174055,brilliant
M174055,inspiring
M174055,tense
M176371,atmospheric
M176371,beautiful
M176371,cinematography
M176371,dark
M176371,dreamlike
M176371,existentialism
M176371,moody
M176371,philosophical
M176419,allegorical
M176419,uncomfortable
M176419,unsettling
M180031,atmospheric
M180031,dreamlike
M180985,bad music
M248,bad
M248,Sinbad
M413,Comedy
M540,bad
M707,bad
M836,seen at the cinema
M1441,Not Seen
M1779,good
M1801,seen more than once
M2116,classic
M2431,bad
M2662,classic
M2951,bad
M4015,bad
M4343,really bad
M4343,Seann William Scott
M4446,sci-fi
M4448,boring
M5064,remake
M5254,Great movie
M5254,Wesley Snipes
M6016,not seen
M6157,bad
M6157,Ben Affleck
M6373,classic
M35836,BEST PICTURE
M35836,classic
M35836,hilarious
M35836,steve carell
M52712,HORRIBLE ACTING
M52712,interesting
M293,Action
M293,assassin
M293,assassination
M293,assassins
M293,awkward romance
M293,corruption
M293,crime
M293,disturbing
M293,drama
M293,French
M293,friendship
M293,Gary Oldman
M293,great acting
M293,Guns
M293,hit men
M293,hitman
M293,humorous
M293,imdb top 250
M293,Jean Reno
M293,Lolita theme
M293,loneliness
M293,love story
M293,Luc Besson
M293,Natalie Portman
M293,organized crime
M293,police
M293,police corruption
M293,quirky
M293,sniper
M293,tense
M293,touching
M293,unique
M296,1990s
M296,achronological
M296,action
M296,action packed
M296,aggressive
M296,amazing
M296,amazing dialogues
M296,anthology
M296,assassin
M296,atmospheric
M296,AWESOME
M296,bad ass
M296,bad language
M296,bad-ass
M296,bible
M296,biblical references
M296,big boys with guns
M296,big name actors
M296,Black comedy
M296,black humor
M296,black humour
M296,blood
M296,blood splatters
M296,bloody
M296,bruce willis
M296,brutality
M296,casual violence
M296,character development
M296,characters
M296,classic
M296,classic movie
M296,coke
M296,comedy
M296,conversation
M296,cool
M296,cool style
M296,crime
M296,crime scene scrubbing
M296,cult
M296,cult classic
M296,cult film
M296,dance
M296,dancing
M296,dark
M296,dark comedy
M296,dark humor
M296,dialogue
M296,different
M296,diner
M296,disjointed timeline
M296,disturbing
M296,drama
M296,drug overdose
M296,drugs
M296,drugs & music
M296,ensemble cast
M296,entertaining
M296,entirely dialogue
M296,episodic
M296,exciting
M296,fast paced
M296,fast-paced
M296,film noir
M296,film-noir
M296,foul language
M296,fun
M296,funny
M296,gangster
M296,gangsters
M296,genius
M296,golden watch
M296,good dialogue
M296,good music
M296,gore
M296,great acting
M296,great dialogue
M296,great soundtrack
M296,gritty
M296,guns
M296,Harvey Keitel
M296,heroin
M296,Highly quotable
M296,hit men
M296,hitman
M296,homosexuality
M296,humour
M296,iconic
M296,imdb top 250
M296,innovative
M296,intellectual
M296,intelligent
M296,intense
M296,interesting
M296,intertwining storylines
M296,interwoven storylines
M296,ironic
M296,irony
M296,John Travolta
M296,killer-as-protagonist
M296,los angeles
M296,Mafia
M296,masterpiece
M296,meaningless violence
M296,milkshake
M296,mobster
M296,mobsters
M296,monologue
M296,motherfucker
M296,multiple stories
M296,multiple storylines
M296,neo-noir
M296,noir
M296,non-linear
M296,non-linear timeline
M296,nonlinear
M296,nonlinear narrative
M296,nonlinear storyline
M296,nonlinear timeline
M296,notable soundtrack
M296,offensive
M296,organised crime
M296,organized crime
M296,original
M296,original plot
M296,out of order
M296,Palme d'Or
M296,parody
M296,philosophical
M296,pop culture references
M296,psychological
M296,pulp
M296,Quentin Tarantino
M296,quirky
M296,Quotable
M296,r:disturbing violent content including rape
M296,r:disturbing violent images
M296,r:graphic sexuality
M296,r:some violence
M296,r:strong bloody violence
M296,r:strong language
M296,r:sustained strong stylized violence
M296,r:violence
M296,random
M296,rape
M296,retro
M296,Roger Avary
M296,royal with cheese
M296,Samuel L. Jackson
M296,sarcasm
M296,satire
M296,sexy
M296,smart writing
M296,sophisticated
M296,soundtrack
M296,splatter
M296,Steve Buscemi
M296,storytelling
M296,stylish
M296,stylized
M296,suspense
M296,Tarantino
M296,thought-provoking
M296,thriller
M296,travolta
M296,twist ending
M296,Uma Thurman
M296,unique
M296,unpredictable
M296,unusual
M296,very funny
M296,violence
M296,violent
M296,witty
M924,aliens
M924,apes
M924,Arthur C. Clarke
M924,artificial intelligence
M924,atmospheric
M924,cinematography
M924,classic
M924,computer
M924,confusing ending
M924,cult film
M924,Dull
M924,future
M924,futuristic
M924,imdb top 250
M924,masterpiece
M924,meditative
M924,music
M924,mystery
M924,Oscar (Best Effects - Visual Effects)
M924,overrated
M924,philosophical
M924,relaxing
M924,revolutionary
M924,robots
M924,sci-fi
M924,setting:space/space ship
M924,slow
M924,slow paced
M924,soundtrack
M924,space
M924,space travel
M924,spacecraft
M924,Stanley Kubrick
M924,superb soundtrack
M924,surreal
M924,technology
M924,tedious
M924,visual
M924,visually appealing
M1732,black comedy
M1732,bowling
M1732,classic
M1732,coen brothers
M1732,comedy
M1732,crime
M1732,Cult classic
M1732,cult film
M1732,dark comedy
M1732,deadpan
M1732,drugs
M1732,funny
M1732,great dialogue
M1732,great soundtrack
M1732,Highly quotable
M1732,imdb top 250
M1732,Jeff Bridges
M1732,John Goodman
M1732,Julianne Moore
M1732,kidnapping
M1732,marijuana
M1732,Nudity (Full Frontal)
M1732,off-beat comedy
M1732,Philip Seymour Hoffman
M1732,quirky
M1732,ransom
M1732,rug
M1732,sarcasm
M1732,satirical
M1732,Steve Buscemi
M1732,violence
M2959,action
M2959,atmospheric
M2959,based on a book
M2959,Brad Pitt
M2959,challenging
M2959,Chuck Palahniuk
M2959,classic
M2959,clever
M2959,complicated
M2959,consumerism
M2959,crime
M2959,dark
M2959,dark comedy
M2959,David Fincher
M2959,disturbing
M2959,double life
M2959,Edward Norton
M2959,fighting
M2959,great acting
M2959,helena bonham carter
M2959,imaginary friend
M2959,imdb top 250
M2959,mental illness
M2959,mind-blowing
M2959,mindfuck
M2959,narrated
M2959,Nudity (Topless)
M2959,Palahnuik
M2959,philosophical
M2959,philosophy
M2959,postmodern
M2959,powerful ending
M2959,psychological
M2959,psychological thriller
M2959,psychology
M2959,quirky
M2959,satirical
M2959,schizophrenia
M2959,social commentary
M2959,societal criticism
M2959,stylized
M2959,surreal
M2959,TERRORISM
M2959,thought-provoking
M2959,twist
M2959,twist ending
M2959,violence
M2959,violent
M273,gothic
M1357,music
M1948,British
M3578,Romans
M5694,70mm
M6107,World War II
M7382,for katie
M7936,austere
M3265,gun fu
M3265,heroic bloodshed
M168248,Heroic Bloodshed
